{"cameraMode":{"drawMode":0,"name":"Shaded","section":"Shading Mode"},"sceneLighting":true,"audioPlay":false,"sceneViewState":{"showFog":true,"showMaterialUpdate":false,"showSkybox":true,"showFlares":true,"showImageEffects":true,"showParticleSystems":true},"in2DMode":false,"pivot":{"x":5.704377174377441,"y":-2.0941271781921388,"z":-0.6934909820556641},"rotation":{"x":0.13327547907829286,"y":0.8552728295326233,"z":-0.2704922556877136,"w":0.4214025139808655},"size":15.91307258605957,"orthographic":false}